CustomerID,model,shap_mean,shap_categ_0,shap_categ_1,shap_categ_2,shap_categ_3,shap_categ_4
13023,Gradient_Boosting,0.009578262995488985,0.013272733765612587,0.014662093523236051,0.14118806003745976,0.014828351906931814,0.017051156379162765
16628,Gradient_Boosting,0.010589963416187339,0.022242758715375604,0.01765827539429412,0.01764881907245462,0.016330928858116888,0.02183895563049926
15819,Gradient_Boosting,0.008520373102372568,0.013422573385984208,0.15218059425980796,0.011549539563666344,0.009726029095887575,0.014037533322899986
15557,Gradient_Boosting,0.012016170712867398,0.02155629707444933,0.01786980009531877,0.016101424372568375,0.01604577215354786,0.0268051733000748
13867,Gradient_Boosting,0.008259764379890731,0.0218539343390626,0.017425692646295156,0.12078318414650577,0.015347667828714441,0.020916648175660548
16851,Gradient_Boosting,0.010648951656780982,0.01946113707060799,0.015629478414492495,0.010151927022564226,0.013168164364936829,0.1329237126618656
17664,Gradient_Boosting,0.013189486003963068,0.021284252106834364,0.01787288292201097,0.016912996018449547,0.016263056556233026,0.023942951341630502
12381,Gradient_Boosting,0.028140802185566072,0.022160893233529738,0.018156311939794206,0.05811394048364757,0.015884133951482374,0.021840717786769766
13816,Gradient_Boosting,0.011741582739486544,0.021079369496251808,0.018279016520095247,0.017339649540669785,0.016511173466121687,0.02383303451427866
18174,Gradient_Boosting,0.00919767447714132,0.011725291374781616,0.15512435199415864,0.010232377341091049,0.00941607844783185,0.01251317544575961
15237,Gradient_Boosting,0.01423979661307886,0.02258945767331703,0.018096815842887498,0.01886396919930525,0.016031765393362336,0.02246963556703255
15136,Gradient_Boosting,0.011700319593151405,0.025518394099802413,0.01786345814814342,0.017265356495795792,0.015781334611595033,0.022808174466614838
16986,Gradient_Boosting,0.03189900187527027,0.01076903168908854,0.15459382858704165,0.00719468296051857,0.010592381607736474,0.008956891051916483
12923,Gradient_Boosting,0.01262913518871389,0.019280669341417995,0.1212183528731805,0.015001625261823488,0.014872567627952506,0.019950331573893455
14869,Gradient_Boosting,0.00943919413685583,0.13550785249585867,0.015732459093731006,0.01266210344543206,0.014291697209460824,0.013016655667515304
15571,Gradient_Boosting,0.010991244216162087,0.020298469136943616,0.017021259677359703,0.12278492208383854,0.015603427808145769,0.021017651504262356
14911,Gradient_Boosting,0.02217462631923489,0.024916527026724686,0.01749768649454139,0.016383346490794478,0.020071664437450242,0.023015039199548767
17330,Gradient_Boosting,0.00812781100132919,0.14042177194771724,0.0146453976097918,0.012704006862831534,0.013955998008334565,0.011897636614248626
13203,Gradient_Boosting,0.011796330888070673,0.024841755150801524,0.01791868922491396,0.01692235852058524,0.015848647682984454,0.023344451384036017
15189,Gradient_Boosting,0.008492763323195525,0.13073401232110704,0.014136410326777956,0.012465661460761434,0.014558476568115696,0.017647743668874304
12463,Gradient_Boosting,0.010466962209569662,0.021146475625952676,0.01788138679542561,0.01721088140133861,0.015660107400511117,0.022737795930185968
13188,Gradient_Boosting,0.00856744876615989,0.14105204864250828,0.013725351011080312,0.012943148769934349,0.013911009647266602,0.011877359316983492
17423,Gradient_Boosting,0.014741603404855435,0.023883120947370065,0.018076224081394886,0.017957202401525818,0.016986663571786013,0.022768193629061073
15752,Gradient_Boosting,0.009893358948702026,0.02097833291627808,0.0181646364571541,0.016343474113761934,0.01621712698277403,0.023842549660416545
13109,Gradient_Boosting,0.010230753104666037,0.02279387057448614,0.01807786430434606,0.01672534057810141,0.01575403136753538,0.024913074428440516
13500,Gradient_Boosting,0.01009637263350672,0.02310768756687521,0.017745509091986092,0.017142079637644206,0.01609471157954079,0.022018108016276558
16242,Gradient_Boosting,0.01498702963020932,0.02168317323612954,0.019300335450800208,0.01517230906677105,0.017589666936127065,0.01833385819797886
15992,Gradient_Boosting,0.011083553233815862,0.019631722666433697,0.016016339712480565,0.01013615390844059,0.013056032081842826,0.13155090786333815
15854,Gradient_Boosting,0.01345675176960985,0.022267908136612266,0.018087566628893863,0.018179192968073913,0.016841106686245756,0.026054723463186203
14975,Gradient_Boosting,0.008947412923210385,0.010985496244423387,0.013406706969847953,0.008033025743386829,0.1575634582466398,0.04323271857154812
18034,Gradient_Boosting,0.010381341720755239,0.011848133028176267,0.014253431156212025,0.008967531971293933,0.1565173183405775,0.01244721584858567
16705,Gradient_Boosting,0.020152089612793255,0.019688146276140954,0.01784737152410901,0.016744449106118133,0.015933376292972364,0.021061619648980942
15286,Gradient_Boosting,0.008074702781429154,0.14144125435230603,0.013817891615854035,0.0127743521884775,0.013946886343097835,0.011883286711860426
16488,Gradient_Boosting,0.011509445645744005,0.021444590813471307,0.018074669415611932,0.0196950422885004,0.016193254672054003,0.024084177102081706
14132,Gradient_Boosting,0.010730294529315327,0.021078873333179073,0.01758109725954118,0.016810990935282443,0.016132201901131737,0.02431218648393788
14712,Gradient_Boosting,0.007087636508411186,0.14177057556626418,0.013753259363013122,0.01189708488904858,0.014099966673166743,0.011997051398744064
17302,Gradient_Boosting,0.008796816300013166,0.1413761925513818,0.013922120014112362,0.012559431808121439,0.013801589484872217,0.011752879546452915
14128,Gradient_Boosting,0.012849777191729845,0.020802210009627505,0.017707199768142577,0.016920495193731292,0.016328543937604825,0.02433434987807677
18147,Gradient_Boosting,0.008895870865564407,0.011338954049208554,0.013803258631388326,0.006708734559894289,0.15653699402120133,0.05950485879913283
14769,Gradient_Boosting,0.01091648346627933,0.023347769206371907,0.01779294663666263,0.017826367160054743,0.015914675101972718,0.025075811117738992
16570,Gradient_Boosting,0.009785192316655167,0.022122050680037277,0.017880210643046204,0.017171508814987257,0.015961970632409565,0.02199822555757033
12962,Gradient_Boosting,0.010031937563973112,0.0125587130749035,0.15266989622942748,0.012300974206185882,0.00982898153362487,0.01339563958423819
17468,Gradient_Boosting,0.011165659907572172,0.019263443983978182,0.015170507899812436,0.010140898544869189,0.013249432066369362,0.1318292443981809
14708,Gradient_Boosting,0.008253871788789878,0.022873659163036283,0.01842766126365378,0.02015930054926821,0.01599685330462723,0.021776814985793622
15690,Gradient_Boosting,0.009037495648069393,0.011333109301914479,0.014925523267408007,0.009197289694572909,0.15617483059303688,0.01255993185257452
16535,Gradient_Boosting,0.010841377924369526,0.02164116065824735,0.017786209508273074,0.017193734688204145,0.01589641025997798,0.02210166070290415
17287,Gradient_Boosting,0.011910486911413913,0.024796553127904818,0.018165418180135492,0.018293453191478185,0.016277101411434295,0.02179243021764316
13137,Gradient_Boosting,0.009748166238944094,0.02248568037575368,0.01749917454722729,0.016270957667150095,0.01620543696582116,0.02455134813664721
14792,Gradient_Boosting,0.008415869867816967,0.1424047948329714,0.013522295250976235,0.012452996209690868,0.013647931057637076,0.012648862279593111
17870,Gradient_Boosting,0.011966926118371614,0.024937564352730302,0.01776848389817793,0.01735590175119915,0.016244152319267537,0.02206940887312734
13904,Gradient_Boosting,0.013614864433686931,0.01870462346984012,0.1348359203784103,0.011739163165394993,0.014301382120671368,0.015821057340433084
14099,Gradient_Boosting,0.012614443992839487,0.022986720997056845,0.018088155396912255,0.017870472880293583,0.017428407545738742,0.021410909055418707
15485,Gradient_Boosting,0.1570866009471836,0.014003806652857097,0.011333413722674483,0.011195599160479203,0.011410023419126437,0.013037811653297537
13091,Gradient_Boosting,0.011226801794509718,0.018600091554849065,0.012489319491761236,0.00683377259480985,0.059328422768192696,0.132986852337834
14659,Gradient_Boosting,0.013185392753995119,0.020944535921282422,0.019097106029451364,0.017225688104328844,0.016056535407147274,0.023769190264633967
16059,Gradient_Boosting,0.009040839026118444,0.1414305233650025,0.014052515721300085,0.012536169931766305,0.013917444789947863,0.011649525979037213
16352,Gradient_Boosting,0.013775167664860975,0.04156551776560129,0.017729211561154173,0.016790182653990814,0.019099493706468598,0.04263176815379063
15078,Gradient_Boosting,0.009650917298228699,0.011496489305891354,0.15472858494380068,0.009662185842681142,0.009720408025306564,0.012441353710164355
17383,Gradient_Boosting,0.00947213229183725,0.022405081808420376,0.01804718705370326,0.01732120731558008,0.015680988972313938,0.023713766589740334
15727,Gradient_Boosting,0.012855465109214178,0.01959684922254569,0.016490785003625698,0.009678680861971569,0.013546589163762703,0.1283248425046475
15158,Gradient_Boosting,0.007803030535884894,0.14204115839445663,0.013573925038137697,0.011994155024371051,0.014193028661459932,0.011642969023433413
17824,Gradient_Boosting,0.008874946996429852,0.012465148469188192,0.014800491795022562,0.008596502380949318,0.1561035220048475,0.007788093053522498
16557,Gradient_Boosting,0.008726097389940363,0.0210218369601415,0.01567139173247855,0.011332885885769388,0.013029622606038745,0.13271765166304353
15163,Gradient_Boosting,0.013085961726932755,0.02486130654005787,0.018274911798130018,0.017642468799141327,0.015625520184925395,0.023752548813264596
15994,Gradient_Boosting,0.009608502393823048,0.023478385886518825,0.01755083320420808,0.017027364130460087,0.015922786075642688,0.026162377000306193
14517,Gradient_Boosting,0.009972486240056056,0.011674192738156902,0.015444835773506322,0.1383376512667207,0.014543676435556914,0.01834395053870998
17495,Gradient_Boosting,0.013247739505356045,0.020692978762434432,0.11284804032598958,0.015287976605662253,0.015630992301902066,0.02077608151609562
12939,Gradient_Boosting,0.14755757613663587,0.0669014628147726,0.04161737873945667,0.008379697006751778,0.021778512834585328,0.008146231125105664
15637,Gradient_Boosting,0.008606169471946664,0.1414625165999317,0.013985559751381021,0.012867154110731272,0.013999895967890742,0.011650702439069236
16360,Gradient_Boosting,0.015116870076717833,0.026978043609704936,0.016769740219055,0.019412356294601734,0.0183752984035956,0.027904001752408255
12452,Gradient_Boosting,0.010522746111022874,0.022472957110538788,0.01803913427448127,0.01750419420130903,0.01610204146511034,0.023634848195989634
13756,Gradient_Boosting,0.009687390235604203,0.01988114805974495,0.14479187383055875,0.009265904538409829,0.009443438242675364,0.01359595606119409
13157,Gradient_Boosting,0.10408194626909016,0.027394983391501412,0.015287869562883867,0.010821711153367237,0.01521961510794251,0.01573622705457106
13858,Gradient_Boosting,0.014100292807887233,0.02163963810279468,0.11847861407491887,0.01799839205997304,0.015394751397454514,0.020297935426556276
17538,Gradient_Boosting,0.008889731074367324,0.011369366030762884,0.016012424493883917,0.009230089884153869,0.1552639633490377,0.012381507199438656
17730,Gradient_Boosting,0.008009252600695337,0.14172977706948672,0.013820429183092287,0.011951766001570557,0.013958022930996012,0.011490247098577266
14113,Gradient_Boosting,0.0076989080357107356,0.14174980464434758,0.014120695447663369,0.01197577137204054,0.014327193674685495,0.011858610212359143
16789,Gradient_Boosting,0.009368570295133284,0.1402039298696308,0.014661049526053046,0.012288625155776693,0.014454743470115931,0.009563981937537231
16460,Gradient_Boosting,0.012380778322901752,0.021601720412099006,0.01809488948933972,0.016591485296965167,0.016128584715688114,0.02439679511575692
16020,Gradient_Boosting,0.01323113280059488,0.022369057969232334,0.017936317035619067,0.01679992563319572,0.018122124953175757,0.019463383071408748
15060,Gradient_Boosting,0.014083533458242035,0.023321327764711245,0.017966775177513834,0.017802795251889828,0.015770089205163398,0.02378727379960109
17738,Gradient_Boosting,0.01196934526385216,0.023981937697256598,0.017912088148325733,0.016988033819025247,0.015888756581485093,0.023398253241286224
13971,Gradient_Boosting,0.009929200038805404,0.02071022162486838,0.018648577620891466,0.016438702550527776,0.015850665323824748,0.026340271741660714
17054,Gradient_Boosting,0.011432614350438077,0.013001342276128869,0.015117673956494692,0.13937219447325702,0.014933704828030818,0.01682906590880884
13196,Gradient_Boosting,0.011183411001019238,0.019463471776781868,0.015360303804858677,0.010917250699387702,0.013776009222822749,0.1324901904659795
16960,Gradient_Boosting,0.01251890084533916,0.01746790954691508,0.1419045064337515,0.010667508201975599,0.010657728711864997,0.014782310414844341
13546,Gradient_Boosting,0.012846854665855872,0.021326574835480176,0.018641199559073177,0.017387159147771645,0.015719060677280895,0.022479775734136818
14859,Gradient_Boosting,0.00796226493790716,0.011979574596427456,0.15540700368338958,0.010170244060285097,0.008969359568801454,0.012305977637529449
17671,Gradient_Boosting,0.011041557948133942,0.020354647744474205,0.016545643735544166,0.00938571761992864,0.013251187262865437,0.12914426283039868
15981,Gradient_Boosting,0.0078123623906011,0.01934508183270262,0.14315517915826637,0.008950716104530621,0.011053652840206008,0.013687937622998487
17206,Gradient_Boosting,0.007944028506286421,0.012509417023121205,0.15611875899740782,0.009679131817294113,0.008686244998459998,0.011715422079161923
16656,Gradient_Boosting,0.0069024933461328715,0.06397001425784289,0.01308115871646684,0.007322474557287478,0.1528807963507986,0.01108127536564511
14661,Gradient_Boosting,0.012035086731267325,0.011449534776531422,0.015477480315306859,0.13860197857249387,0.014361952054786119,0.017215567307657987
15904,Gradient_Boosting,0.012328823331446453,0.02260851192274854,0.018127932374926006,0.008536799680128455,0.01576083804454538,0.025059383642858268
14188,Gradient_Boosting,0.009305896759379729,0.012271720558928577,0.15098758266919024,0.010468626716527724,0.010669132844988155,0.013818887705706473
18082,Gradient_Boosting,0.013631999250404215,0.02019661939272703,0.016376140586696383,0.01595918549579103,0.017065526712541784,0.022881339044917317
15181,Gradient_Boosting,0.01126057120270651,0.019269951191950505,0.015212510333500035,0.009247420952126996,0.013526165500466208,0.13169839197566333
17344,Gradient_Boosting,0.012685814425860404,0.02321460473902798,0.01820666944576048,0.018299103461935282,0.015949614994465573,0.021535726073718495
17690,Gradient_Boosting,0.015439345286737011,0.026049076911334925,0.017900694644153767,0.022063968993810752,0.01596692557275495,0.021602286738750823
17767,Gradient_Boosting,0.01463958986476,0.022645031359303045,0.01912123441688126,0.017227042431307512,0.016100831579961956,0.021327362105797235
16341,Gradient_Boosting,0.011363261303162132,0.017652347457723264,0.14285307328281702,0.010561136172017769,0.01073475352846985,0.01554785078066498
18167,Gradient_Boosting,0.007391111834641031,0.1418168395017037,0.013992998371286085,0.011487509956431054,0.013888832002698526,0.011731301888910252
18055,Gradient_Boosting,0.06422768443797916,0.12669074061662214,0.013458248660071354,0.01058222966779418,0.01599210150291906,0.00902823327629459
13029,Gradient_Boosting,0.008190062354226188,0.011901182565979945,0.015193406106826979,0.13772545658963,0.015137087804331957,0.018676176589777608
14401,Gradient_Boosting,0.013409068376328954,0.022070687170323847,0.017970658380008112,0.01759514151203543,0.01772245233751064,0.024560576253495916
15427,Gradient_Boosting,0.010641559316914517,0.020543139126612927,0.017515076749387203,0.0163292069741066,0.016141584061597568,0.023829754864795615
14737,Gradient_Boosting,0.009059851127201967,0.011402282635379958,0.1551918550348303,0.009840565953406679,0.00947275873608015,0.012986339640108367
14857,Gradient_Boosting,0.015876520180322082,0.020809504150403703,0.017069928788201925,0.016759480143374073,0.017020174349530206,0.022701767344947974
13040,Gradient_Boosting,0.00889009066747105,0.02366213097246052,0.017729610009328763,0.017190049010045786,0.01642973761752719,0.022216601354787795
14060,Gradient_Boosting,0.012102107147800077,0.03400174452705808,0.017383167812685903,0.014979431428890423,0.014521724307430463,0.09130441618206236
17928,Gradient_Boosting,0.011840024545944372,0.012228082847792055,0.016669788955829355,0.13687013225840028,0.014420373047742763,0.017681551520133818
14733,Gradient_Boosting,0.007800169028075585,0.14103343195985196,0.014032387238689392,0.010508140244701631,0.013846974892252062,0.01155387498582085
13090,Gradient_Boosting,0.04752381710834808,0.015769691929168238,0.015824693125099844,0.1271490419145058,0.01472667137734257,0.017125384315100675
14711,Gradient_Boosting,0.013359409680469664,0.02477945709826099,0.018139054946290933,0.01770574526133706,0.01597127126228665,0.021702169108875968
15484,Gradient_Boosting,0.011889073876161492,0.020900628894672233,0.01748916747423834,0.016449834213139673,0.01689408873577923,0.022553304703261338
16369,Gradient_Boosting,0.06796172995690643,0.025078126509430664,0.013849744663471974,0.010359539409383806,0.026889245956105798,0.11315298562858196
16372,Gradient_Boosting,0.011828847225221574,0.02434171859430091,0.018068105812355278,0.018142764830644587,0.016009850825054975,0.02245881464139332
14135,Gradient_Boosting,0.008929479244318007,0.14137754053980622,0.013969561311258776,0.010993781031057913,0.014229343449455924,0.012825304453012195
13329,Gradient_Boosting,0.011461128643067668,0.01985144190880845,0.016832369336092487,0.009871337622286367,0.013689392451404797,0.12890783646904788
14856,Gradient_Boosting,0.008144611862891645,0.02221873250753842,0.017548380354966146,0.019468956181043186,0.016007904144865928,0.023802844767891306
17520,Gradient_Boosting,0.010380346604829461,0.02105459272921464,0.01745659645739836,0.017119586007549013,0.015868278671096248,0.024017856951334262
12981,Gradient_Boosting,0.01136651100122869,0.017287742930966788,0.142430257582182,0.010590192280317866,0.010636527679711615,0.015451632742451727
17412,Gradient_Boosting,0.0113450326010675,0.02120282982084916,0.01789132618943923,0.017360228901018057,0.016576550973059427,0.02512732951092274
17771,Gradient_Boosting,0.009424811392795595,0.012870716728872867,0.016326147912566362,0.0095699317051699,0.15205495619529982,0.012559638195198418
17081,Gradient_Boosting,0.012502777202813701,0.021375533341975665,0.017348303035763814,0.1227408668680138,0.014873930240320233,0.01992649601219228
15886,Gradient_Boosting,0.010945472896981145,0.021585474099434006,0.01802550882480374,0.01840968577738086,0.015829588280641196,0.023655865070171398
15950,Gradient_Boosting,0.011217946107963141,0.025293025291059854,0.017692392308256144,0.0169060498236869,0.017812570628190992,0.023119172171903735
15781,Gradient_Boosting,0.011419739441494386,0.019351378993895992,0.015398303437109883,0.009927233911895187,0.01296235741533543,0.13186829006577708
14948,Gradient_Boosting,0.01422557536434057,0.021395027957855903,0.01658150478502286,0.11833942346724768,0.015974060301744655,0.021455397273687688
15681,Gradient_Boosting,0.008739765272343766,0.01215060046230307,0.15593095197876505,0.009178201303718882,0.008721107274441019,0.012327004989275235
17768,Gradient_Boosting,0.06814190141211664,0.023728250214069643,0.017385377906893432,0.011855158506263352,0.016471897454854795,0.012869209628737938
15987,Gradient_Boosting,0.010774177460427711,0.018909721769666,0.13753219188645877,0.01160930007479104,0.01381479741019796,0.01316582672085289
14878,Gradient_Boosting,0.011175324152236528,0.012290781170028,0.014154707195952788,0.14211065315598928,0.013874293441775237,0.015879471860925386
12576,Gradient_Boosting,0.010460837902710648,0.02247929909794616,0.017708610351978092,0.016581175740075397,0.01631575469594718,0.027725323983701044
17301,Gradient_Boosting,0.013482343879675703,0.021327243949684997,0.017323479080919895,0.013884336323822159,0.014006942654070082,0.12141777629408806
18156,Gradient_Boosting,0.00734347666270879,0.14100749126096468,0.014056131863999637,0.012217154299877749,0.014139585650530263,0.012062584159826134
17904,Gradient_Boosting,0.010851052984880429,0.012596805733013918,0.01564692625231165,0.13936484096347124,0.01460767599855116,0.017296529690869797
14798,Gradient_Boosting,0.008506820694879331,0.1364156263908166,0.013949961167833584,0.008728836374131565,0.012578823913662772,0.06495231894185714
13351,Gradient_Boosting,0.01054464065352663,0.020305660262561778,0.01818419499954269,0.017292407743424814,0.015658767213207494,0.0211657862924069
14125,Gradient_Boosting,0.01335278375096809,0.11856011434364545,0.014651720266286094,0.012566194550946276,0.017103795819691455,0.020119096496464543
15630,Gradient_Boosting,0.07792228656106995,0.018506875657333735,0.016424149972958754,0.01491548739039868,0.015818838423986736,0.02043113635939235
18079,Gradient_Boosting,0.03502627500238249,0.010745138942752135,0.0132504338558299,0.007579626135520237,0.14955046558058124,0.018693356438379508
14032,Gradient_Boosting,0.009437201662013353,0.021063025710638502,0.14413956040502304,0.010439087252232047,0.009450250706635426,0.013710925243068274
17436,Gradient_Boosting,0.008977669695827832,0.011590597739983112,0.15498671981224674,0.010030132654224998,0.009600905716877642,0.012556488095796115
14720,Gradient_Boosting,0.009977433786145877,0.012208299381732367,0.014925110029236983,0.13836289466104182,0.015248710760543682,0.01828773123513305
15677,Gradient_Boosting,0.013192638684173601,0.024402154486156333,0.016961980021448143,0.015673159297635963,0.015587786852292194,0.024500464715067657
12621,Gradient_Boosting,0.07922902182005317,0.018647867812986565,0.016284739558432435,0.017253505788410027,0.016386986950085055,0.018953562676794312
14180,Gradient_Boosting,0.011575148128642314,0.013171344324847756,0.016543584035055632,0.13688849990696092,0.014743495609339989,0.017327880624295203
13954,Gradient_Boosting,0.010174919899818351,0.012025456737366276,0.016291230141787724,0.1381506820903722,0.014112947866610935,0.016787249357418738
15006,Gradient_Boosting,0.010450931890495329,0.021454619500500424,0.01890911349266954,0.01716540083672523,0.01565102283212852,0.02764277736050357
12445,Gradient_Boosting,0.023528542806988347,0.02112053631706812,0.017342785795244526,0.07255202820976471,0.015442747183148304,0.02127354420951123
16671,Gradient_Boosting,0.010182823759313852,0.019418870542423968,0.015689958699804763,0.010427048192596709,0.013033295119217369,0.13186084720756683
16607,Gradient_Boosting,0.011049011535330316,0.022663391749936226,0.017937094423504236,0.017811993858379463,0.016133061147420812,0.022685703862979113
13021,Gradient_Boosting,0.012353433461418279,0.02428842931090343,0.018046677298882798,0.017736256883124114,0.017085536418304764,0.02151194320804557
16337,Gradient_Boosting,0.012103325681985931,0.010657605112300208,0.018531541593047818,0.026543236400915573,0.016516517805086634,0.02543208145942233
12716,Gradient_Boosting,0.009723687434728357,0.021574692316393043,0.017925770141701693,0.016991350010953338,0.01609301514450624,0.022496475717598163
16433,Gradient_Boosting,0.01334258367612568,0.030101165889564255,0.01741750013821801,0.016956174632522497,0.014412741025050897,0.09707974828416469
18161,Gradient_Boosting,0.009503172008763605,0.021677384943391217,0.01779730871766444,0.01727871794981138,0.0158414929159794,0.021601404790761138
16343,Gradient_Boosting,0.010682453480706455,0.025153992400442197,0.017958750492781766,0.017426283953546087,0.0162939858734773,0.023628479088331877
14537,Gradient_Boosting,0.007490079729043974,0.14272871151640157,0.011905357821026046,0.01382261130185729,0.013890355326663467,0.011786867916299187
12658,Gradient_Boosting,0.01562309388711774,0.0216360743587735,0.017419044104474937,0.01575895115038905,0.017287313074702507,0.022265579973408875
17364,Gradient_Boosting,0.010700247332352206,0.024704590649641502,0.017556476987909977,0.016872575717053764,0.016468106330478252,0.022004268946288593
15240,Gradient_Boosting,0.011884241358888518,0.023706614764983494,0.017631480356615298,0.016905488482195703,0.016305714968198794,0.024023208025341528
13999,Gradient_Boosting,0.011090435574083414,0.022696802276339186,0.01803698761268275,0.017202304830284863,0.015978591554797153,0.021884387655483523
12997,Gradient_Boosting,0.010045235180204044,0.017603736413106134,0.14398310367692957,0.010923244048428532,0.01081268948006703,0.013630949788260838
13447,Gradient_Boosting,0.008289902956759765,0.021391809742361358,0.018528544419579487,0.01738556560460756,0.016911761284646748,0.023078466732569226
16454,Gradient_Boosting,0.008669540629579,0.01169420608462789,0.15503876390556456,0.010259187529474493,0.009646638357464583,0.012375769252005226
13992,Gradient_Boosting,0.012215621437788966,0.01964183273379449,0.015206372199130529,0.010430339223095685,0.013246636490695627,0.13044257861284259
13969,Gradient_Boosting,0.01848231669511119,0.021620956891955104,0.01858415151738429,0.016401990012859795,0.020323159176991557,0.021139877574535747
16016,Gradient_Boosting,0.010207843914220202,0.023983279743467544,0.01789647564377667,0.01773343836300191,0.016045921256771095,0.02624630665221299
14805,Gradient_Boosting,0.011088409050268089,0.011995986082516725,0.01673869108784421,0.13689297748476562,0.014458514488652086,0.0177603389796793
16532,Gradient_Boosting,0.1686173202274156,0.007697356036375656,0.010283839551931725,0.06729034251711274,0.007991796630039426,0.009446648890073019
15730,Gradient_Boosting,0.01175790554046019,0.021574814682417762,0.017981512980230242,0.01718968020570023,0.015772958824164404,0.02140742837159294
13590,Gradient_Boosting,0.011158163404773441,0.020302554927679017,0.019173589927183262,0.015924024113185387,0.016662893983597275,0.026113691405118288
16852,Gradient_Boosting,0.008387470212149362,0.1384557083954415,0.013298715775765775,0.05427071464590171,0.013713337849423201,0.010791235078023882
15861,Gradient_Boosting,0.013665923086413456,0.019866703476397216,0.01575960195975268,0.010957479281942526,0.01575190725307811,0.12288061685769686
18030,Gradient_Boosting,0.011219536649354338,0.021156689644590776,0.016841443353412363,0.12186437981089425,0.0159610669481745,0.021399443753105544
17878,Gradient_Boosting,0.007544634474260918,0.014969620769806048,0.015344747493640003,0.008778060590045206,0.1411196197738839,0.02211044624035878
12906,Gradient_Boosting,0.01470371174506182,0.020461303386830224,0.016337942830189692,0.011734484047486416,0.01605788123305608,0.12245323245655891
14448,Gradient_Boosting,0.00905988698676151,0.011808023901784615,0.015786699218840416,0.13854205777176676,0.01454833149293197,0.01859454081302402
17979,Gradient_Boosting,0.010518417008904912,0.018328527427946103,0.14356044299914106,0.010736568212365636,0.009462587485751519,0.013774725207029048
15712,Gradient_Boosting,0.010447571269965884,0.02282164813647599,0.017863188906124282,0.01806864354031343,0.016408402832235356,0.02465177007332311
12766,Gradient_Boosting,0.14202332489404146,0.012275396838765202,0.014921451916299362,0.011522022178399899,0.015509199804150525,0.01252252908208795
15671,Gradient_Boosting,0.009723199172331477,0.011572523170452416,0.1545294500898384,0.0102963873619597,0.00928696572270313,0.012895477865151262
14583,Gradient_Boosting,0.010894177441714656,0.023950110308098328,0.01816916120358875,0.017385066149846026,0.01592970797677476,0.02368431316193198
12749,Gradient_Boosting,0.010416367487023126,0.12862749222624567,0.015584628847148084,0.013603015854279728,0.01458554692030965,0.01553860637685891
15969,Gradient_Boosting,0.01307702583929101,0.021198648248784688,0.017098358718269535,0.12309794394593947,0.01511509094473558,0.01979809085160181
15249,Gradient_Boosting,0.01019851388502596,0.023217493268558053,0.0174386900630821,0.016440814008256675,0.01601099679632646,0.02621195148275685
14342,Gradient_Boosting,0.011576507149189542,0.019542142585329166,0.015158238025053993,0.010090712433368742,0.013411710871865063,0.13230658170866508
13305,Gradient_Boosting,0.011617746909665492,0.02160671535221366,0.01960652425638934,0.018420659343113786,0.016059436918904452,0.023143084262068816
15877,Gradient_Boosting,0.010751201895373107,0.02425598914310784,0.0178881869307901,0.01809222338545717,0.015755442867449957,0.02359872848694796
14702,Gradient_Boosting,0.010445137374580941,0.02449673650180823,0.018191774021550484,0.01801302207555884,0.015646293868825465,0.02189996679218946
14578,Gradient_Boosting,0.007290887884675523,0.12270009699714875,0.013627943271528416,0.009054555841640137,0.07794085935967848,0.013885704258970361
16283,Gradient_Boosting,0.010962010234815432,0.020469466330207606,0.017209113441453764,0.016413026323359878,0.017166847394388923,0.023914174136465016
17022,Gradient_Boosting,0.008580436732993768,0.01175224757635687,0.061326218440178895,0.007019201010093149,0.15343724661083907,0.00894197329204348
17387,Gradient_Boosting,0.011147912930124503,0.023335998514298427,0.017802731550988778,0.016293168880604673,0.015854313922752043,0.02598135642656657
17384,Gradient_Boosting,0.019631929758165773,0.0720292716645447,0.017461723163420772,0.015146050293155413,0.015497193029963328,0.025997383544884956
17672,Gradient_Boosting,0.1685349950015871,0.011105031489308035,0.009997814430577097,0.009611677473301826,0.007888802870302306,0.012334187391311174
14735,Gradient_Boosting,0.013524408558531938,0.02313958643479336,0.017932402095726604,0.017621836970897982,0.01602795001091915,0.02179430334519382
13728,Gradient_Boosting,0.01370565463141425,0.023044583157913193,0.01791918825184845,0.018211271802315767,0.01704173061489423,0.022222862976125152
13758,Gradient_Boosting,0.007142150939806705,0.012216388610091534,0.15565722645006005,0.00863508849822498,0.009168428707588636,0.012866930347381471
17080,Gradient_Boosting,0.01729128713576242,0.024436773259963296,0.017918094441367657,0.027189835581665153,0.017310754169302136,0.02103142151451748
12820,Gradient_Boosting,0.012481009283517745,0.026301497850446717,0.0178233622424287,0.016624337158062975,0.017321035123127434,0.020180950686686527
13271,Gradient_Boosting,0.011434138030615382,0.022036271199013965,0.018788118175079072,0.01724313814848893,0.016735529848868405,0.024046471561853643
16179,Gradient_Boosting,0.010869027572684521,0.024847190648168208,0.0181151069958692,0.017777665867987714,0.016021257341759767,0.021677095960554515
16153,Gradient_Boosting,0.03765223168617155,0.017455978593434698,0.015068515739096731,0.009914079479464454,0.013194486908552544,0.13047016952444213
12867,Gradient_Boosting,0.14149946040119935,0.018924478777828997,0.013938869668487296,0.009635127221680946,0.016677347188662064,0.013847933536146944
16722,Gradient_Boosting,0.013319021842205321,0.02688694423235345,0.04359553462788102,0.015414155967152905,0.07383215256305525,0.034575565922119064
13422,Gradient_Boosting,0.18181560443817055,0.012888327193425465,0.008549375767291244,0.008578088430966918,0.008218491807894253,0.012016332099347271
14744,Gradient_Boosting,0.014385818115736297,0.020327676981837933,0.017304105223512466,0.012542342314588228,0.013584558366730426,0.12303358632074701
14167,Gradient_Boosting,0.007850584612801016,0.14123406655366263,0.013722065019183551,0.012995739422317626,0.013958257521355665,0.01186541236917193
15194,Gradient_Boosting,0.14616140794113205,0.016223841210193057,0.01280151323017522,0.01012460156133907,0.012501436710790159,0.012735811836302525
12504,Gradient_Boosting,0.012801176542228988,0.016325012191067943,0.01506922558427239,0.13872396233287326,0.015894291234924817,0.01529926031405061
12704,Gradient_Boosting,0.026711784488429535,0.02246317657775836,0.017181482678169022,0.0987727931805499,0.015746666738891114,0.020296317342777946
14488,Gradient_Boosting,0.1464343735112634,0.0220636881606246,0.013508272485802606,0.009277645050466575,0.011980339109849527,0.06648820449501967
12380,Gradient_Boosting,0.0719721472012166,0.022163273223861593,0.015900936112873545,0.014367856398197015,0.016240415979802778,0.019132593157658178
17068,Gradient_Boosting,0.008987815291840562,0.01343507600863217,0.1553220303981807,0.00970482612992127,0.008726219645014084,0.01207577003490045
16042,Gradient_Boosting,0.012462651340318686,0.024028064966150262,0.018039579448126255,0.0175410463237413,0.015585403698100632,0.021747492665610667
15984,Gradient_Boosting,0.00918958702808906,0.021096813859544452,0.02596224018377783,0.01575724264004473,0.09201370749675651,0.023244053325445515
13255,Gradient_Boosting,0.00803059601446513,0.13917067683737427,0.015303810546057605,0.01374200205939599,0.014600434520920181,0.012022367380740579
18154,Gradient_Boosting,0.010781419918196427,0.020770665780997052,0.017987150134181545,0.01717067488907774,0.01609767360743361,0.026080008013269797
17867,Gradient_Boosting,0.012810953363148893,0.022117804544795613,0.018980172095001017,0.01884205310959159,0.016280387704222552,0.02220883343671477
14309,Gradient_Boosting,0.01142330908567531,0.020186289344805517,0.11039028723513823,0.013890101242991653,0.015678277170910394,0.020958876971713187
16814,Gradient_Boosting,0.011579993366131082,0.020107295477884465,0.017385080215886063,0.01174309858842324,0.013444664567045616,0.1280553962035339
16205,Gradient_Boosting,0.010327990761488883,0.021648934673393353,0.017881190453818703,0.017594608640227296,0.015686143276813783,0.026349494190758604
13790,Gradient_Boosting,0.013305970782526778,0.021269780710769456,0.01783672200469792,0.016752425174914435,0.016038073225445582,0.025853120535194805
14487,Gradient_Boosting,0.008729851036063017,0.019128732683560204,0.016866429712366963,0.010012974923857719,0.013387298839983896,0.13226929063238432
16018,Gradient_Boosting,0.012868369897864128,0.020824931889206102,0.11439083750419504,0.014505803313564802,0.015502565500992861,0.02030718998859523
14653,Gradient_Boosting,0.012608987398529403,0.022166645336219534,0.01812004624364165,0.017353393306908205,0.01602229966381368,0.02193733143104293
12680,Gradient_Boosting,0.009336078453077601,0.14207698775125321,0.013603520144352194,0.012094317893012175,0.014763502530464394,0.005107155139911736
12782,Gradient_Boosting,0.01263638389090831,0.020030662747818805,0.017169275916013735,0.011277135422516025,0.013594581281445785,0.12764274343880863
17864,Gradient_Boosting,0.015150094002951843,0.022192865128663846,0.01702794695896974,0.11929166178199564,0.015932755372466797,0.02003502774256757
17359,Gradient_Boosting,0.008835698378115165,0.011582760144780706,0.014461625576352917,0.009964301744175862,0.15644710922467964,0.011972504503271801
14466,Gradient_Boosting,0.007846271033857747,0.014603740483830807,0.012985782110721824,0.13861129511072964,0.016781939235475777,0.018606935559485723
13658,Gradient_Boosting,0.009820282487662497,0.01773455137993139,0.1375958238984181,0.012600009040711829,0.015195077460651839,0.013143875122423494
17348,Gradient_Boosting,0.012737409893359223,0.021315239395181016,0.017878632594112445,0.017327226771206166,0.016418351172121277,0.024290767289804092
16746,Gradient_Boosting,0.01266178140162842,0.029864490008206568,0.017756392052581827,0.01868500531244959,0.01575441007340937,0.02189203182257229
13984,Gradient_Boosting,0.009235790973740379,0.012615732047439288,0.15617786053466032,0.009697809910084088,0.008661885875808002,0.011671704348893714
12462,Gradient_Boosting,0.010213053763032514,0.021389030838751436,0.01724007307952707,0.11706325900959084,0.016386651538151508,0.02165821848842309
18092,Gradient_Boosting,0.09404055089566145,0.11689247175224189,0.01338141173024796,0.009102034139233058,0.013744466901245457,0.009835017950422293
14731,Gradient_Boosting,0.014013511663914374,0.01897654920259653,0.01958676853419566,0.018056192737021835,0.015865703655754952,0.021463417389161996
14539,Gradient_Boosting,0.012602396675424416,0.02095245770185059,0.018665238786969685,0.01683454766400089,0.01602942405420239,0.02330649898955064
14297,Gradient_Boosting,0.01050542765220893,0.019488519128254597,0.015378711724381931,0.009769975133143576,0.012991404421604243,0.132476567174284
14931,Gradient_Boosting,0.007496009492387031,0.1410284213718169,0.014029244730139341,0.013069219239080132,0.013774136332359866,0.012281121087980016
13601,Gradient_Boosting,0.01250089760690296,0.0240720958620526,0.017836556470324165,0.017014011000649892,0.016231356637883335,0.02313275239081112
15423,Gradient_Boosting,0.00878309224474924,0.01149615448763363,0.01444673323977897,0.009608328069419343,0.15650611610011494,0.012090888569694546
17817,Gradient_Boosting,0.014528920417050194,0.02224908621734701,0.016900746392189823,0.12141590750430355,0.015751143171745613,0.020159535684298513
18081,Gradient_Boosting,0.013844766834921864,0.021179430318687683,0.01703137463927527,0.0151426254559548,0.016375364427303165,0.11372006489813656
16497,Gradient_Boosting,0.15599649147527825,0.0133692843161225,0.010644247399900452,0.01127969234312917,0.008036619599310338,0.011815448066161778
13081,Gradient_Boosting,0.15554569509387886,0.014851736745854062,0.05104778110196102,0.009836249312886396,0.020801487579344212,0.012298231384259672
15244,Gradient_Boosting,0.011314879538992599,0.021938102390036244,0.018047932896977474,0.016927146643750328,0.015672954977562964,0.022068373812871536
15125,Gradient_Boosting,0.00918775988293191,0.01939766660046803,0.14455857776156814,0.011175878756464797,0.009510445377001657,0.012767542800650115
15611,Gradient_Boosting,0.009647070275221898,0.02117255805125845,0.1436060163018624,0.011654102998133142,0.009313720030736815,0.013367726253202565
17790,Gradient_Boosting,0.012770999452171038,0.023836172347588072,0.017990409622882602,0.01752794303127715,0.01595309775615426,0.021800530774290613
16525,Gradient_Boosting,0.009955085662077546,0.0207165892441786,0.017955340334431996,0.01877301968593959,0.016250166452943502,0.024142959561466212
16005,Gradient_Boosting,0.01110271074789612,0.024700645162007,0.01801869745480963,0.01816662630298549,0.016466218575966137,0.02222151489466113
14662,Gradient_Boosting,0.008854983951399619,0.014564812694444668,0.016773477978786037,0.009378685669543934,0.14068004586848445,0.02171492068601801
14766,Gradient_Boosting,0.008551709233598225,0.12830067717739438,0.01511430413123494,0.013566243406205396,0.014851944602223027,0.017224449558034895
17509,Gradient_Boosting,0.030640679458101183,0.019242611202574724,0.014930608881394731,0.00927849013598997,0.012876898565457817,0.13063425172911564
16479,Gradient_Boosting,0.01663527620256826,0.09101496058669228,0.01725734580586754,0.015536717112513658,0.015730553766509503,0.020707691591495606
13028,Gradient_Boosting,0.012529704075562942,0.019083493373961702,0.013911503563667271,0.009116027012575223,0.010913768503051887,0.12965200734374066
14250,Gradient_Boosting,0.01023032132220133,0.020662143193038166,0.13690555555440986,0.011176198516080524,0.013779468569924635,0.013727492999828715
17329,Gradient_Boosting,0.00856541645284764,0.1415211177499726,0.013720923122409051,0.012401505280084456,0.013932572398396587,0.011736566779224028
15520,Gradient_Boosting,0.011095712961147834,0.017319211023326828,0.14228765816892158,0.010431251000207536,0.010214610011692389,0.015040204238680703
13169,Gradient_Boosting,0.013037865614336187,0.022549165113258506,0.017800678986295854,0.0200693176333045,0.024332024978727572,0.007999056406554834
12539,Gradient_Boosting,0.14485205092960154,0.016377036630408758,0.014242034716947193,0.010705237448123187,0.010672713198540944,0.012510973352056226
16357,Gradient_Boosting,0.0096990991891855,0.020582727109198787,0.01739826008283256,0.016408854650310497,0.01601556624989138,0.02801678438145605
12508,Gradient_Boosting,0.01083514609237608,0.022491427525721332,0.017767006505263576,0.017425882811036762,0.016017006262316728,0.02624147036862501
17360,Gradient_Boosting,0.014462289386243998,0.02225621518155723,0.0180941915529388,0.017899395802528945,0.01590438732348207,0.022621114011149177
17744,Gradient_Boosting,0.011181370215884225,0.022895801126127758,0.017208883000510263,0.01583793673549208,0.016689605824386732,0.025014011385015997
12398,Gradient_Boosting,0.16794124051319617,0.012980875691147042,0.009827917437423967,0.008949863055519104,0.01008762582841346,0.012332363651392368
18246,Gradient_Boosting,0.010913064635496026,0.018589836505235043,0.1357575635892778,0.057334542546306384,0.011849471825233033,0.013977315173970833
17621,Gradient_Boosting,0.014580671470565614,0.018981131613396873,0.10204642706513144,0.012888300534906881,0.015635139529531498,0.0203288677925043
17549,Gradient_Boosting,0.01669918346186823,0.022123268200591763,0.018171352795364113,0.01844038763575243,0.01838664733311376,0.026650378146108832
13835,Gradient_Boosting,0.011840098772776227,0.022312688358108467,0.018421911826395368,0.018100422934758022,0.01587113990963531,0.024652885552059786
12709,Gradient_Boosting,0.010278449118820893,0.022697083154127433,0.017822532927514637,0.016705057916397106,0.016339387016206866,0.02468011764699297
15025,Gradient_Boosting,0.01085218262773246,0.022226076130285963,0.01786833823415025,0.016387957269775107,0.017952605075499586,0.02088360878199191
17858,Gradient_Boosting,0.02383658299066739,0.015270065730282516,0.019818817763981846,0.12581199523515285,0.014952734692595499,0.018789379514046627
15513,Gradient_Boosting,0.16709924810194043,0.02524821726789741,0.010899434835748222,0.016275228336888384,0.00840968541287463,0.010758281197003103
15164,Gradient_Boosting,0.009765916895968082,0.023184623392050997,0.017440420504198226,0.016899452842618748,0.015977097426725633,0.02830516140592997
12921,Gradient_Boosting,0.010149667539570867,0.02050223905434033,0.018117405864953168,0.015512861087259501,0.01600114914403215,0.023984196653818745
15252,Gradient_Boosting,0.013003145194929365,0.019818225778355666,0.015902781740342875,0.011298074887219591,0.015409677269320283,0.12206372337146464
17940,Gradient_Boosting,0.007708551065171809,0.011224401342023778,0.014603567563563758,0.009392566432715514,0.15655520012695393,0.012108557063326886
16049,Gradient_Boosting,0.011196701659524915,0.02107390199435731,0.018026562302056872,0.016896509268557073,0.01573365313826979,0.022434786567821417
17895,Gradient_Boosting,0.0115188493774535,0.020264809263617702,0.01767817682968041,0.015505083880262283,0.11367016964043865,0.023790393822470748
17884,Gradient_Boosting,0.008951071815604776,0.013205444582379804,0.01590958279591821,0.009506433052541584,0.15221968216800236,0.012761990694116578
16361,Gradient_Boosting,0.010500080777959211,0.02200461386996169,0.018031383255180552,0.017849456959849203,0.016031804961176826,0.02273602057481463
16418,Gradient_Boosting,0.0123083927722551,0.021659404841332334,0.01977970249572031,0.018555849127370988,0.016081917886251247,0.022846253349541733
16933,Gradient_Boosting,0.006949809488104921,0.1420916416731055,0.01362423230601404,0.011211429280523866,0.014124442787556663,0.012486169766917667
14145,Gradient_Boosting,0.09428787249568496,0.013446727714745787,0.016901783347901038,0.09759740192379764,0.015166128945342054,0.029087128215240014
17951,Gradient_Boosting,0.007436094704971593,0.011640769952773028,0.15400248321607604,0.009248491760823775,0.010278228914788435,0.013111067576517277
17799,Gradient_Boosting,0.009477574125796447,0.02176083732759952,0.017858514385145446,0.01644555901778712,0.016642239334902657,0.02292138759664668
13186,Gradient_Boosting,0.008839750976435216,0.020720718748851685,0.019176214968274357,0.03450517484438039,0.015970407538334976,0.02269415394457894
15482,Gradient_Boosting,0.03419566003593942,0.13514755948599744,0.014092597265993297,0.01158088009549182,0.013949937513952711,0.014269795501909238
14020,Gradient_Boosting,0.013273831924262075,0.020169173077406757,0.01790845287767147,0.017150309697913986,0.015988856303838252,0.022727676079441497
13697,Gradient_Boosting,0.008222714898970113,0.014808108418901827,0.01662899777440678,0.009241562220146925,0.15170184563705544,0.01335282919416137
16038,Gradient_Boosting,0.008418643884742021,0.14118963053290925,0.013556578708249702,0.051139131809302046,0.01342743506191713,0.010968285835088633
16134,Gradient_Boosting,0.01178875104057796,0.025668757774893237,0.017402329725695696,0.01488247524442366,0.013563848565925178,0.09930988422273268
14904,Gradient_Boosting,0.01311912282625377,0.019668175954315352,0.01508499451518085,0.010453771203664473,0.016627490074243165,0.11589419665646644
12966,Gradient_Boosting,0.010942126795492654,0.02432458184598761,0.01861571374347124,0.017329350889634058,0.01573730131882979,0.02377092977893898
14970,Gradient_Boosting,0.008445230359767892,0.011970611866019611,0.015522347270131649,0.1375124764456677,0.015196711868585393,0.018517574047721128
16110,Gradient_Boosting,0.010595445655116815,0.02493588457175697,0.01681776815508796,0.016221356731923004,0.015720955625827378,0.02528050803539813
12477,Gradient_Boosting,0.14869619279996335,0.019309549889025793,0.01109169642324027,0.07214003343399211,0.008580736381912209,0.01652117417562807
17084,Gradient_Boosting,0.15917437660107758,0.013041273557145345,0.008881921209287585,0.009671691780992649,0.008134236950028566,0.012423132245538789
13418,Gradient_Boosting,0.01641509932695648,0.004217134090919513,0.019969279491381154,0.016555658344094313,0.0159377355434251,0.021260849614398454
17828,Gradient_Boosting,0.008591171997216695,0.01256562971648585,0.015348989096004923,0.13702024882536346,0.015483466130923567,0.019107318621791016
16737,Gradient_Boosting,0.009582742213215917,0.018999831284095107,0.014786950591081465,0.009303702743003923,0.013058659126219035,0.1324325867116259
14075,Gradient_Boosting,0.0132101941984254,0.02026370159602263,0.01679432080397876,0.013500426582599699,0.013145027508960334,0.12152885734961784
12744,Gradient_Boosting,0.17201069049611917,0.008262521973218775,0.011800957588166393,0.08398141632103327,0.00803452548477694,0.010608580000080104
14089,Gradient_Boosting,0.008204765243203916,0.014615330600872388,0.01608735257053467,0.009356209416010931,0.14077213883311776,0.02256151350694056
15796,Gradient_Boosting,0.010144981135155034,0.022674546075018096,0.018929368690164775,0.017668314547850547,0.01569298625751682,0.020944876761980116
14126,Gradient_Boosting,0.00977195976965864,0.019295903564372188,0.015327218935459307,0.009884990758312097,0.013040463012408477,0.13221496701077032
14667,Gradient_Boosting,0.011050158312482938,0.020983065671119558,0.017760239914083847,0.01711193455812791,0.016286610500695263,0.023218238655143754
18226,Gradient_Boosting,0.010406098816966716,0.018765896057606295,0.015487963306977536,0.009235124679606114,0.013546152920268366,0.13354832441037193
16768,Gradient_Boosting,0.009719077073025141,0.019526325688438186,0.01557058982232617,0.010475459512125196,0.01307330158583258,0.1318816333522793
12371,Gradient_Boosting,0.12055853958821516,0.023593019060306933,0.01658739422176909,0.012392636221469838,0.01524336894488537,0.018917249531996867
17228,Gradient_Boosting,0.01186710167929448,0.021707879319891595,0.0177565988072909,0.016902474719891192,0.015975383134324176,0.024151228940893155
14432,Gradient_Boosting,0.008807266094440793,0.02173500723687244,0.017358735613187005,0.01605013655240907,0.016398675188872888,0.02398550227814838
15373,Gradient_Boosting,0.011076035640397141,0.012109974528905105,0.01583936442414643,0.13949898127729782,0.01417170056409669,0.016373438474627477
16881,Gradient_Boosting,0.007657411185302613,0.011064847026557524,0.013535476348348546,0.008734042164664365,0.15720646120486118,0.01206711782759763
14362,Gradient_Boosting,0.010306610304843665,0.022123765523821334,0.017952767886190994,0.01815240711848493,0.015671739040298588,0.02371227003166004
16929,Gradient_Boosting,0.009089814895397758,0.028353112651537296,0.016931531222621088,0.018597424633045704,0.01593633540383931,0.023531828928354336
16326,Gradient_Boosting,0.010759353737118824,0.012782745948470946,0.01636926858664223,0.1388230442135373,0.01383118556088634,0.01682905373809547
13592,Gradient_Boosting,0.008190982547391827,0.14155908189520502,0.014170794868971503,0.012712912341432485,0.013905836151223084,0.011892471670739802
16157,Gradient_Boosting,0.01171929668517801,0.02333261445598649,0.01776460015266821,0.017431399013110055,0.016117314813264012,0.025027083801755886
12826,Gradient_Boosting,0.008123454271389434,0.011406070424966884,0.15483153873374028,0.009848019546145392,0.009690181356175144,0.012759600587131532
13450,Gradient_Boosting,0.008309657842153005,0.011779952292898072,0.015555629520203819,0.008818824671741126,0.15561912361007177,0.012442356285915156
13742,Gradient_Boosting,0.013148315374626357,0.022818656265948412,0.01789823391828843,0.11914815563607094,0.015702539076993823,0.01986334226242243
15678,Gradient_Boosting,0.008422638009753174,0.011504057237440577,0.1548787341783629,0.009736237921772773,0.009845200266456912,0.012632340158116
14189,Gradient_Boosting,0.011630818052455676,0.020951517987833904,0.017813106123292222,0.016775738438043326,0.016040130151528605,0.025582726409325515
14085,Gradient_Boosting,0.011255793142169344,0.12366640327782243,0.015333393782985804,0.01380057776624475,0.015106208222730394,0.02005372458081095
17921,Gradient_Boosting,0.014443327350434238,0.020984977288656694,0.01787743845281217,0.01721043175314779,0.018224448724696127,0.046266207358956674
14030,Gradient_Boosting,0.01128747300886643,0.021062750811485696,0.017622198749258158,0.016339256150825043,0.017161460081555405,0.022145847799235233
16207,Gradient_Boosting,0.00983487122549434,0.024626589982064975,0.017922554255795028,0.016810725116146542,0.016037003801145193,0.02472250477928342
12444,Gradient_Boosting,0.12333828183625227,0.012072178292318847,0.017480077668161845,0.0834047598156487,0.013989536595353153,0.019181069837019487
14287,Gradient_Boosting,0.010388537744677722,0.12812436205195246,0.016005087655883436,0.012970171024484568,0.014370480924723645,0.01766623654938415
14862,Gradient_Boosting,0.010412601109916673,0.020495626090031704,0.01743871407882355,0.016568989166462947,0.016078012825700577,0.02399029349144537
17004,Gradient_Boosting,0.014168247179535902,0.020380143278375288,0.09844013625608722,0.013591562600744421,0.01529409008581376,0.020661506765749446
18180,Gradient_Boosting,0.012219633706158368,0.022416282066249595,0.018265334296348842,0.017268134674974466,0.017214544862021352,0.0230472172197168
16863,Gradient_Boosting,0.010514617118289458,0.019365022316634846,0.015555884470109617,0.010150466492876872,0.01276307692140059,0.13276160581221538
16674,Gradient_Boosting,0.00988936176457337,0.0240114996947677,0.01789076696557283,0.0180305843414815,0.01590422214644953,0.02388103040935774
15805,Gradient_Boosting,0.011700873220595572,0.0235432686351701,0.018635164800859572,0.01725176923469116,0.016242901886326884,0.021410556887557882
12824,Gradient_Boosting,0.010434749172654644,0.021872546874373355,0.01784950497794913,0.0171860939179756,0.017505776360129177,0.022037604050828115
17684,Gradient_Boosting,0.012784848842503426,0.022718437383057812,0.018248995100685228,0.017144565060244036,0.017954505573621035,0.01887142989820318
15957,Gradient_Boosting,0.009781875130366114,0.020630917288490227,0.11249688933951214,0.0128871850805872,0.015275953935186003,0.020275389645790808
15615,Gradient_Boosting,0.06879430645019517,0.021212555473532714,0.02015185126570264,0.01473612932522329,0.014931584251991824,0.019277144877544738
17727,Gradient_Boosting,0.14913256838303848,0.016504994752402233,0.014178663462217182,0.01045261515902927,0.010426935094885133,0.012613315035877525
16225,Gradient_Boosting,0.009289270076251145,0.013412426658819426,0.1510496098831236,0.009653461115959801,0.008852164205990604,0.01175469658020158
17964,Gradient_Boosting,0.010284336615533398,0.021258561108507122,0.019705765110719062,0.017639999237691852,0.01610059570082126,0.02425005191607237
13176,Gradient_Boosting,0.013556430294617512,0.02203785929543931,0.017546002748753512,0.01778105138993928,0.012368588835078543,0.02382183055119951
17764,Gradient_Boosting,0.00897893252003591,0.1264178539633685,0.015132720385044752,0.012700350840894934,0.01501143460134971,0.018255918201030907
13473,Gradient_Boosting,0.011320520301949926,0.0118996066333823,0.01556309328165516,0.1393401394068589,0.014607775043939626,0.017046606443239423
13930,Gradient_Boosting,0.010629048526177935,0.019398415998085877,0.015681859441565176,0.010327162345263258,0.013071233502540828,0.13214612903141257
14477,Gradient_Boosting,0.007500932817092417,0.011519310510420681,0.15541674057654242,0.00921449675075705,0.009613022300330957,0.012458465669546871
17827,Gradient_Boosting,0.010974481179675137,0.021352523339095805,0.01718825200982565,0.016555574636017468,0.017520143249168604,0.022163747969763246
14618,Gradient_Boosting,0.012669038910398405,0.05424730036652076,0.017991573040719026,0.017812720391074968,0.01761450107805726,0.030099171808806936
14572,Gradient_Boosting,0.00992750924544814,0.022366862095335487,0.01805257451991696,0.017332351059182807,0.015641347739069375,0.0213042992327037
13103,Gradient_Boosting,0.011324458164570657,0.011644258619009503,0.014426071671701311,0.1402819685926083,0.014808125792366072,0.017641408783683313
12427,Gradient_Boosting,0.012558893367109152,0.022111209921024798,0.017962176325532393,0.017241172715192245,0.01574910699361884,0.023788844929068423
15468,Gradient_Boosting,0.014103194542955673,0.022509606764524445,0.018180913374659016,0.018403612722570843,0.015906293743409558,0.02126691278580929
15790,Gradient_Boosting,0.011418889168380734,0.022392992799405265,0.018205732496799073,0.00912463042060828,0.016436120736020868,0.025232230625709763
13199,Gradient_Boosting,0.0142853638861841,0.02252060879529187,0.018215862061405214,0.012768944644906738,0.016300574387081154,0.02355222061405572
17041,Gradient_Boosting,0.008800214116503448,0.01370875741762128,0.0124426626162014,0.008371243924761698,0.15811896580885476,0.029772573831755304
15806,Gradient_Boosting,0.008900868373353842,0.14163331740571675,0.01407037382234045,0.012184722218438963,0.014005840439240282,0.011588112097455487
13297,Gradient_Boosting,0.012293479319597263,0.03869808313898703,0.01804206653163661,0.014937131796271826,0.02101622188641243,0.06923000226998785
16790,Gradient_Boosting,0.013922912047342039,0.022278169631309602,0.017849351012778996,0.017257679813825786,0.017396887143050502,0.020144250467920965
14581,Gradient_Boosting,0.0094093703083495,0.011042143990673395,0.015129749927540086,0.009084367031740159,0.15490601857328332,0.013344535337716098
17458,Gradient_Boosting,0.011451833290398361,0.02210274805924792,0.01787877784055838,0.01703319847717427,0.015933388004020357,0.025817355573221155
16954,Gradient_Boosting,0.009955069613259634,0.013341809485389444,0.011688062604849274,0.14118129214186162,0.016003788571648945,0.016261794444579595
13155,Gradient_Boosting,0.013520409361116646,0.021632470131252565,0.0182881898218154,0.01848494636434082,0.016299170601195203,0.024610487704466114
14776,Gradient_Boosting,0.008178351166994757,0.010988771872267702,0.014933634410251372,0.009125881520218683,0.15644735164953258,0.012477722836479877
14359,Gradient_Boosting,0.010855961879626742,0.02438237654825116,0.018196364922697803,0.0174714258254299,0.01599460082385702,0.023863291366286364
12483,Gradient_Boosting,0.009377620497105017,0.023839374549122674,0.019363461697396236,0.017263390901469736,0.016019273054390937,0.021120560415374263
12695,Gradient_Boosting,0.011556931721843437,0.00994838012918881,0.016376048347809157,0.13763507063682387,0.014185283454693344,0.0170109005336692
13917,Gradient_Boosting,0.011151809129520367,0.01788102457500339,0.13361526997964782,0.011352300261408517,0.014439569731674963,0.014652006864274288
17620,Gradient_Boosting,0.008506057381842068,0.011599851974854048,0.01287640957693803,0.04999600056695705,0.15336974145392407,0.011854569315033599
17451,Gradient_Boosting,0.012293469284163784,0.02363386322261105,0.01902873270748728,0.01752447938705479,0.015593631503416312,0.02151336859757119
14158,Gradient_Boosting,0.008167607077456049,0.011098614955831696,0.013578913801786151,0.008624390210968128,0.15683105435927736,0.012506780506077649
13131,Gradient_Boosting,0.015182375025461586,0.021730201716723286,0.10943784833851784,0.013102253111205227,0.017351096585484407,0.0296467284599796
14524,Gradient_Boosting,0.008542833771929005,0.14102277431073154,0.0138882558683324,0.012810509798765236,0.013916249030397275,0.011944472492181096
12578,Gradient_Boosting,0.14083937123863974,0.02326106228389456,0.015872703712551086,0.010662730611175628,0.015840674177831544,0.018819077033476222
16804,Gradient_Boosting,0.011353563461058598,0.024537738053699562,0.017859802211041696,0.017952806022721788,0.016084061751987896,0.024673707789970814
14841,Gradient_Boosting,0.010123606012663872,0.0209133681268009,0.017620398268294816,0.016553967273961415,0.016000849811561052,0.02232966752334313
13806,Gradient_Boosting,0.010549356384583153,0.014185529093807898,0.01565849483240438,0.13724811537821208,0.014264569538214962,0.01722505954022791
18040,Gradient_Boosting,0.009277375661214242,0.012660676771016975,0.15518056116767068,0.01048901027018718,0.00890204416649271,0.012111069839321904
17650,Gradient_Boosting,0.01419023656323536,0.028676560947526245,0.01780054911955021,0.017269484303022425,0.04354688524149682,0.022845995151269602
12615,Gradient_Boosting,0.00916340725118927,0.021281432932926322,0.017727918532164152,0.019235258429501727,0.016547191212947104,0.022618225145436436
17779,Gradient_Boosting,0.009271426982980642,0.011467712120290085,0.01438416340364047,0.13902984429721063,0.015027409800573521,0.01792865557820961
17191,Gradient_Boosting,0.01001605327168016,0.020619355014765462,0.01759653705696868,0.016154904770715482,0.016162890671280305,0.023111624031130637
18283,Gradient_Boosting,0.011829672334735081,0.01717275123118027,0.14241248721968722,0.010606158479425814,0.010517219858971543,0.014703244409498373
16818,Gradient_Boosting,0.011276998204937761,0.018628078486160927,0.14348572406770474,0.0102141814951294,0.011542710961811052,0.007610673489769374
13845,Gradient_Boosting,0.011534790082251133,0.018704709380218034,0.14358931974922556,0.009949703958539488,0.0096744123714676,0.012985312336523837
14923,Gradient_Boosting,0.054179469015245445,0.022113089126948215,0.01659825744521731,0.017646522305899793,0.015564887172430404,0.019227057913612785
16201,Gradient_Boosting,0.012163165777645273,0.020060212026645558,0.020318912721314333,0.01600065589167343,0.019492689957053035,0.015513435540612852
14788,Gradient_Boosting,0.008690962719341645,0.14162725179915095,0.013795228499886535,0.012259051003338982,0.01377224524950569,0.011539843792204857
12532,Gradient_Boosting,0.0119311219936656,0.020709338027823175,0.121113430529019,0.013973152712719032,0.014898454025289075,0.019773850498817403
16719,Gradient_Boosting,0.012730450428848118,0.022282482192191456,0.018090965353255876,0.017323908599413254,0.01741003046436892,0.023596158579710855
15300,Gradient_Boosting,0.012331048360793885,0.02059238261178908,0.017250164072366007,0.013495103265680418,0.013401601219973597,0.11668687274328007
17797,Gradient_Boosting,0.011034055109276358,0.02182136577343233,0.018098894224988657,0.017752964365304016,0.016378293793912355,0.02398459150718829
12784,Gradient_Boosting,0.012453918171292981,0.021388957629921858,0.017091114201749975,0.01486789550954528,0.013760531878181863,0.12193152361984576
12879,Gradient_Boosting,0.009225153183602505,0.011357937016295049,0.014708569356716454,0.009406726201089037,0.15648536221112289,0.012114932943919333
13344,Gradient_Boosting,0.009421229792237097,0.02181357687501639,0.01764449195083009,0.018276108261228805,0.016073173386685444,0.02195331092551464
13695,Gradient_Boosting,0.012713354040446646,0.023253245442651206,0.019485394538565955,0.017208623322115837,0.019984695954105843,0.014882680720353402
14954,Gradient_Boosting,0.01908923221315691,0.022620044731941256,0.018110824031204682,0.011241936932255283,0.016045447496509505,0.024014354338204928
17686,Gradient_Boosting,0.007842119130552237,0.011185732505748523,0.15436545059337256,0.008873423614461235,0.010807688707346635,0.01302434072225026
15195,Gradient_Boosting,0.16788525819029546,0.008403777548351345,0.08534233162254902,0.028528473255474043,0.006846427174632808,0.008158942351077246
13962,Gradient_Boosting,0.011613867733738731,0.019850229082612945,0.014464719355824914,0.010457641551156945,0.013906928458954436,0.13193603588073854
17323,Gradient_Boosting,0.013563247901903691,0.020746572284831497,0.019059982237982744,0.017097382069486616,0.01613291288267994,0.02372417343362593
16686,Gradient_Boosting,0.024378016971642637,0.05943883295456743,0.016694579159229013,0.016537865074130968,0.017189223817968714,0.021092487599562983
13115,Gradient_Boosting,0.011421653949805967,0.01959615926450977,0.017039959923360586,0.00985040775020319,0.013596912272339494,0.12878354861893804
17835,Gradient_Boosting,0.014489854422474713,0.021915875786946912,0.018592802083633408,0.01722441471657524,0.016287056294818948,0.02418135781947855
17372,Gradient_Boosting,0.011978504439654047,0.017561482297483142,0.018864399899534947,0.018792662462738394,0.015952527550142353,0.02636490721584739
13142,Gradient_Boosting,0.012425873542658743,0.021858169771206575,0.018571861590048665,0.017515272650742673,0.016552407007087058,0.022731379022289385
14054,Gradient_Boosting,0.011477490246357535,0.019266790122604807,0.01513917913345429,0.010137134802997714,0.013696421657620307,0.13182797738665133
13721,Gradient_Boosting,0.009717103252678912,0.018956012836440925,0.014549763197546962,0.009222945136076976,0.013384989028742205,0.13369088717389796
17481,Gradient_Boosting,0.012214669492523202,0.021237530540656427,0.017915738500451084,0.017037520206065356,0.016707871507158845,0.02224223754616521
17017,Gradient_Boosting,0.012361846553474536,0.020176235878147077,0.017032684070830098,0.01355247583869823,0.013675344729435775,0.09549915512586868
12640,Gradient_Boosting,0.008430206621394388,0.011705568844388536,0.014855623661312121,0.13853643214274494,0.014462623717805562,0.018019944040121857
13258,Gradient_Boosting,0.01209993032780169,0.02246399620053489,0.019331598220721762,0.01769265853831681,0.01775247388963733,0.021050670627204657
15426,Gradient_Boosting,0.012048995397817381,0.022616648299351783,0.018067821883238893,0.01814489827298459,0.016108761173903294,0.021348886605758725
15745,Gradient_Boosting,0.009443025902715662,0.13931938488805617,0.013445678173570015,0.013372510930196934,0.015413958475557295,0.011888381346388371
16554,Gradient_Boosting,0.010221054831520868,0.11613043970211155,0.0172946493479596,0.013106057714702425,0.01532370268509523,0.019321210747473533
14741,Gradient_Boosting,0.00911992952956425,0.14154202548629835,0.013902670933389462,0.012452293725540332,0.013804284372333398,0.011450546036873883
14467,Gradient_Boosting,0.011828514287430513,0.02386653988565077,0.01843520008298776,0.01744650314893008,0.015708717709772117,0.023837540637041712
14929,Gradient_Boosting,0.012189546214429596,0.0200280107151544,0.017226306269092013,0.011909786804015552,0.013756957460865525,0.128106122324899
14480,Gradient_Boosting,0.013965986167738566,0.026803708172348364,0.020008454479187282,0.016881307291049304,0.020473898843827717,0.005988594710676558
14140,Gradient_Boosting,0.012947922505208743,0.02157334042915656,0.01647415128525509,0.01465561500367387,0.043611212869303466,0.05896992239612569
14577,Gradient_Boosting,0.007735972807153671,0.14174530912433728,0.014448066342356368,0.012611887018827596,0.014021153037507329,0.011991252343402498
16992,Gradient_Boosting,0.008902350007283717,0.14059330017527005,0.013915077156575056,0.012871223573495435,0.014191433851663384,0.011511870415807535
17659,Gradient_Boosting,0.00908422601839518,0.021342440563322462,0.017835713310775967,0.016957800620885883,0.015978730613078248,0.022629119108129866
16376,Gradient_Boosting,0.010426142182062413,0.024714346821612096,0.01730139066209341,0.016429905830356802,0.016076524747332774,0.025399452805589993
16569,Gradient_Boosting,0.009658771371587988,0.13299418298870258,0.013676941269621896,0.012736879304192135,0.013251947113684793,0.01653276705300594
17350,Gradient_Boosting,0.011942456241121807,0.0232361797968812,0.017796709901530247,0.01709401998892857,0.015668648960011078,0.024678710999052004
15529,Gradient_Boosting,0.010635183309377539,0.02473821213056717,0.017659472720266824,0.016521269428195904,0.01614054351886633,0.024347057389716577
16365,Gradient_Boosting,0.010004096329759406,0.013984631968690547,0.015186773855714743,0.13859824593333137,0.015066394096690834,0.017206313451994595
13102,Gradient_Boosting,0.012314220528917412,0.02059731245474957,0.09086923733351092,0.015834451238899115,0.01587085856960515,0.022572645955586924
18171,Gradient_Boosting,0.011866004313175766,0.02194479245988101,0.018182148942894286,0.019562577654404854,0.015698802763018552,0.0229968274290712
13804,Gradient_Boosting,0.008525086652401077,0.14198618889149664,0.013526998309378287,0.012401474524367052,0.014070834548695156,0.01249589882417109
14533,Gradient_Boosting,0.00824372377132975,0.013027474179053143,0.015772321238722117,0.009029724342933502,0.15264757860954345,0.01330072769204415
15853,Gradient_Boosting,0.009082850366141947,0.014121333795295832,0.016216938622736456,0.009144616743284897,0.14267510350692578,0.02153446955439238
12844,Gradient_Boosting,0.010656043731603669,0.018921490238418145,0.14302847297939272,0.011402247308748158,0.011198464444259128,0.013530597324314414
15304,Gradient_Boosting,0.009875374468130192,0.011810528954842836,0.015222307313090587,0.13853877971832973,0.014481119076322541,0.01799337059966453
17034,Gradient_Boosting,0.010952112023152332,0.021568909975309216,0.01800182181863587,0.11379515787094556,0.0192374472371819,0.012802337644922453
18177,Gradient_Boosting,0.008793014860137983,0.01153529511425091,0.15459246958788422,0.009556681327161795,0.009667526298589862,0.012730141217591912
14073,Gradient_Boosting,0.18090885056735093,0.011480484977915324,0.00851436875118456,0.00856629072328974,0.0080838708170786,0.012558901545075355
14655,Gradient_Boosting,0.009007760408356873,0.020362448658877992,0.14316138677404094,0.010056944847370082,0.00947041025623953,0.013421356671241187
13769,Gradient_Boosting,0.009007243111446869,0.14240533284344237,0.012307445142828886,0.012386084589842583,0.014234275398249336,0.011556188468692823
16052,Gradient_Boosting,0.009970533909756453,0.021052399808030323,0.018020794019586377,0.01702450836014957,0.01562300299292031,0.025278521354584985
17503,Gradient_Boosting,0.011120942465911261,0.020793934589043103,0.018853829575143838,0.016998014294878985,0.01584054537969322,0.02306097263533619
17324,Gradient_Boosting,0.012721100540719933,0.021776723944486962,0.017927951060890228,0.01859907828458279,0.016603441994712562,0.026323630750846757
15385,Gradient_Boosting,0.00822287608757462,0.14218993557210693,0.013468285286603392,0.012254752618917947,0.01400410458933425,0.011902795188474487
17631,Gradient_Boosting,0.014434595868030831,0.023301571549135282,0.01791629427659802,0.017589575985879936,0.01573564295791906,0.023803376744529207
14227,Gradient_Boosting,0.00788777949171355,0.013207854302219046,0.15038889711602083,0.010571641456145612,0.010818113248914359,0.014149427840327354
17345,Gradient_Boosting,0.011434645954144984,0.02157622044818911,0.01761574655048372,0.017066061525510007,0.015838826256239617,0.023032634438745557
16106,Gradient_Boosting,0.011343332553487373,0.019265713871974944,0.015167821952508981,0.010137449824733772,0.013271444319381142,0.13182304463286368
14518,Gradient_Boosting,0.013814189708755422,0.03557053440519802,0.01658787694001295,0.015312304398546202,0.027880998497545186,0.07844265177955984
15654,Gradient_Boosting,0.009785119551792761,0.017883071986736363,0.13943146263957046,0.009466958837013213,0.015297073968406561,0.009959260299352462
16469,Gradient_Boosting,0.011967749423507135,0.009703950736515194,0.017958320729756963,0.02409912293541422,0.015888450566922528,0.022740673909933482
15465,Gradient_Boosting,0.00965101177404027,0.018923186747374168,0.1266143228048193,0.01403036111136765,0.01613320414990998,0.019175448072445894
13652,Gradient_Boosting,0.009296807393393851,0.023692382217917217,0.017873808659650145,0.015786857103698378,0.01635949052170462,0.025956383393636217
12747,Gradient_Boosting,0.007902120553086145,0.02070199594848208,0.01765353322682425,0.11928745412664794,0.01557494272987479,0.022007093758129537
12544,Gradient_Boosting,0.009555722032308022,0.021541929767071994,0.01808416430764687,0.01728718342114223,0.01568300375418279,0.023809028814921487
14640,Gradient_Boosting,0.011840708488119677,0.02431094159838594,0.017990886061339192,0.017626135478179684,0.01597926602806503,0.022102083597870234
17581,Gradient_Boosting,0.006540967195112383,0.012477674331443443,0.15325760857485074,0.009353680245861569,0.009867044042909516,0.012578906387619104
13268,Gradient_Boosting,0.012291659662687344,0.03136124399537163,0.014979536991535092,0.01441053317971251,0.023325516276616706,0.09222464558148223
15531,Gradient_Boosting,0.12912206436517978,0.018049956695836828,0.015705647388922828,0.011371151535170881,0.014919037272066239,0.020033560331278812
17449,Gradient_Boosting,0.01211440842948267,0.0697690198274231,0.017722846957380252,0.04495765386579639,0.015729825600438577,0.02021684411130809
14641,Gradient_Boosting,0.013854784832560753,0.019452592070351972,0.016433473626498742,0.009903992426261936,0.013554059338328818,0.12575199226177008
13471,Gradient_Boosting,0.010811007049843236,0.02027199663625862,0.017310732332383533,0.016588040844837972,0.015771857815708865,0.02385132369703657
14971,Gradient_Boosting,0.018864829229244078,0.024956091961803286,0.017905038606866888,0.01687122209225903,0.015580638777305722,0.021750987822035397
18122,Gradient_Boosting,0.010230231566620526,0.024644219711751958,0.017600562192042233,0.01672755986235311,0.016330816060352346,0.021998660770330823
17088,Gradient_Boosting,0.013192236264488415,0.023014692063975408,0.018753912866954804,0.01845267387894818,0.01653654746040344,0.02104799663725685
12676,Gradient_Boosting,0.009342901754583117,0.01779177697436388,0.13711966096842598,0.012977929708509379,0.01505654200526063,0.014018545517198467
17675,Gradient_Boosting,0.10039246891393215,0.023283683637507192,0.027022145606558634,0.013584309496319185,0.01686433525730822,0.012463150373990888
17426,Gradient_Boosting,0.009910196579756581,0.020687965989334707,0.018694633556512786,0.017631034635535617,0.0156265806733756,0.023853608248277813
17434,Gradient_Boosting,0.013155965964918111,0.023523670729870164,0.017962496267293418,0.017169955935417987,0.016158805052079752,0.022576990849876664
15743,Gradient_Boosting,0.012162783447389315,0.02215323581565842,0.017473888289482185,0.12253169553352145,0.01499310393692856,0.01970115852622042
16354,Gradient_Boosting,0.008428850696067709,0.14101791013123507,0.013889353336679889,0.01281024989534878,0.01391640383061165,0.011944918517440041
16249,Gradient_Boosting,0.008361621722184635,0.022237603092462782,0.018234358139312654,0.017424400546724412,0.016080854362831364,0.02247930229774962
12762,Gradient_Boosting,0.11891613442726906,0.01864168258737052,0.015961298031937902,0.01126437458117478,0.021267248878313716,0.012068173438211382
17416,Gradient_Boosting,0.13947128214264223,0.01997426761063507,0.015418235681399793,0.009019489204515915,0.014784417469495185,0.013106929246631616
13269,Gradient_Boosting,0.01118406851749277,0.021522688269217664,0.01814063488738776,0.01690666966195369,0.015629463139518192,0.021703117975368173
12740,Gradient_Boosting,0.012541424978980996,0.023182516100462517,0.01726205241831411,0.016862723510216133,0.017082641530503394,0.025195212036946704
18105,Gradient_Boosting,0.010134596454058174,0.011749340113675897,0.1543540612756564,0.009972318128829209,0.009771214896098905,0.01322486574373537
13282,Gradient_Boosting,0.010422535911253403,0.020956010264600252,0.017286121444233263,0.12069863970967173,0.0158356350331498,0.021546256934908605
13309,Gradient_Boosting,0.008613367477487468,0.01487876569622648,0.015674820131264564,0.009111578445820513,0.14145809616621813,0.022455875475946185
13467,Gradient_Boosting,0.010209952787026832,0.02180969297002798,0.01784186860116396,0.01714376197208829,0.0161407767843322,0.022075910346620178
13327,Gradient_Boosting,0.0366947655694335,0.022546265207684123,0.12726665165889073,0.009300120254289558,0.01949773145727014,0.018173921883273002
12971,Gradient_Boosting,0.009002594123089082,0.011341003451389994,0.014652835563840115,0.009334750038013848,0.1551501994262675,0.013244410312195164
15489,Gradient_Boosting,0.011075938719985577,0.020276047650118326,0.01697696308482579,0.009531139665773371,0.013559077866408033,0.1289377481293893
12518,Gradient_Boosting,0.010599682345155369,0.021007607527723963,0.017397718361255712,0.016816638427679224,0.01754670231280986,0.02212137992056341
12753,Gradient_Boosting,0.16267724807238745,0.01294331057182434,0.04110411607594312,0.0635979483521104,0.00985510044989464,0.012907749947115087
15634,Gradient_Boosting,0.012850734955630244,0.07896381480840022,0.01805839105703906,0.015853853594588744,0.015921883622240417,0.02112317673439926
13982,Gradient_Boosting,0.01461466053750377,0.11645587592016375,0.014742590164919743,0.012384023715221243,0.015179469627191989,0.019742730807455797
16150,Gradient_Boosting,0.013043328667881549,0.019651937218965423,0.018823892522487267,0.017252098934016382,0.015995971551711334,0.021072039683725566
13899,Gradient_Boosting,0.008914033156590643,0.14215049813279335,0.013533213254388993,0.012125396057359572,0.013641534798829846,0.012821641310452941
18117,Gradient_Boosting,0.008523724413912763,0.01116050607900438,0.013820364630602171,0.008863067489138758,0.15670312831161695,0.012350574379065444
18230,Gradient_Boosting,0.01009676083399415,0.14145768945397494,0.033956461213702265,0.01265796305018907,0.01408561339902646,0.01180228520287352
13623,Gradient_Boosting,0.010073745415742193,0.019268216719518103,0.01473247562244262,0.010857028206985498,0.013443054695271532,0.13288257273746723
15021,Gradient_Boosting,0.011555891079235702,0.02305342368426394,0.018153753952576148,0.018148234810142577,0.01598177558818439,0.021725203627177322
